REM INSERTING into HADB.ANNIEJMSSTOREWLSTORE
SET DEFINE OFF;
Insert into HADB.ANNIEJMSSTOREWLSTORE (ID,TYPE,HANDLE,RECORD) values (134217727,-3,0,'00');
Insert into HADB.ANNIEJMSSTOREWLSTORE (ID,TYPE,HANDLE,RECORD) values (268435454,-3,0,'00');
Insert into HADB.ANNIEJMSSTOREWLSTORE (ID,TYPE,HANDLE,RECORD) values (402653181,-3,0,'00');
Insert into HADB.ANNIEJMSSTOREWLSTORE (ID,TYPE,HANDLE,RECORD) values (536870908,-3,0,'00');
Insert into HADB.ANNIEJMSSTOREWLSTORE (ID,TYPE,HANDLE,RECORD) values (671088635,-3,0,'00');
Insert into HADB.ANNIEJMSSTOREWLSTORE (ID,TYPE,HANDLE,RECORD) values (805306362,-3,0,'00');
Insert into HADB.ANNIEJMSSTOREWLSTORE (ID,TYPE,HANDLE,RECORD) values (939524089,-3,0,'00');
Insert into HADB.ANNIEJMSSTOREWLSTORE (ID,TYPE,HANDLE,RECORD) values (1073741816,-3,0,'00');
Insert into HADB.ANNIEJMSSTOREWLSTORE (ID,TYPE,HANDLE,RECORD) values (1207959543,-3,0,'00');
Insert into HADB.ANNIEJMSSTOREWLSTORE (ID,TYPE,HANDLE,RECORD) values (1342177270,-3,0,'00');
Insert into HADB.ANNIEJMSSTOREWLSTORE (ID,TYPE,HANDLE,RECORD) values (1476394997,-3,0,'00');
Insert into HADB.ANNIEJMSSTOREWLSTORE (ID,TYPE,HANDLE,RECORD) values (1610612724,-3,0,'00');
Insert into HADB.ANNIEJMSSTOREWLSTORE (ID,TYPE,HANDLE,RECORD) values (1744830451,-3,0,'00');
Insert into HADB.ANNIEJMSSTOREWLSTORE (ID,TYPE,HANDLE,RECORD) values (1879048178,-3,0,'00');
Insert into HADB.ANNIEJMSSTOREWLSTORE (ID,TYPE,HANDLE,RECORD) values (2013265905,-3,0,'00');
Insert into HADB.ANNIEJMSSTOREWLSTORE (ID,TYPE,HANDLE,RECORD) values (2147483632,-3,0,'00');
Insert into HADB.ANNIEJMSSTOREWLSTORE (ID,TYPE,HANDLE,RECORD) values (-1,-1,2,'000000747B7365727665723D737461666673657276657221686F73743D31302E322E322E3421646F6D61696E3D4D6F62696C654865616C7468446F6D61696E2173746F72653D416E6E69654A4D5346696C6553746F72655374616666217461626C653D616E6E69654A4D5353746F7265574C53746F72657D68E0CE767AE7A4850000000000000000');
REM INSERTING into HADB.APPOINTMENT_METRICS
SET DEFINE OFF;
REM INSERTING into HADB.APPOINTMENT_REQUEST
SET DEFINE OFF;
Insert into HADB.APPOINTMENT_REQUEST (APPOINTMENT_REQUEST_ID,PATIENT_ID,LAST_UPDATED_DATE,CREATED_DATE,DELETED_DATE,ACTIVE,SECOND_REQUEST,APPOINTMENT_DATE,APPOINTMENT_TIME,OPTION_DATE_1,OPTION_TIME_1,OPTION_DATE_2,OPTION_TIME_2,OPTION_DATE_3,OPTION_TIME_3,STATUS,APPOINTMENT_TYPE,FACILITY_CODE,EMAIL,PHONE_NUMBER,TEXT_MESSAGING_ALLOWED,TEXT_MESSAGING_PHONE_NUMBER,PURPOSE_OF_VISIT,OTHER_PURPOSE_OF_VISIT,VISIT_TYPE,PROVIDER_ID,PROVIDER_NAME,PROVIDER_PERSON_CLASS,PROVIDER_OPTION,SECOND_REQUEST_SUBMITTED,PARENT_REQUEST_ID,HAS_VETERAN_NEW_MESSAGE,HAS_PROVIDER_NEW_MESSAGE,PROVIDER_SEEN_APPT_REQ,REQUESTED_PHONE_CALL) values ('00000000000000000000000000000002','PATID76',to_timestamp('17-MAR-13 03.00.00.000000000 AM','DD-MON-RR HH.MI.SSXFF AM'),to_timestamp('21-FEB-18 03.31.07.000000000 PM','DD-MON-RR HH.MI.SSXFF AM'),null,1,0,'3/27/2013','AM','3/27/2013','AM','3/28/2013','AM','3/29/2013','AM','Booked','Primary Care','688','test@test','123-456-7890',0,null,'Routine follow-up',null,'Office Visit','PROV1','zztest appointment_provider1',null,null,0,null,0,1,0,0);
Insert into HADB.APPOINTMENT_REQUEST (APPOINTMENT_REQUEST_ID,PATIENT_ID,LAST_UPDATED_DATE,CREATED_DATE,DELETED_DATE,ACTIVE,SECOND_REQUEST,APPOINTMENT_DATE,APPOINTMENT_TIME,OPTION_DATE_1,OPTION_TIME_1,OPTION_DATE_2,OPTION_TIME_2,OPTION_DATE_3,OPTION_TIME_3,STATUS,APPOINTMENT_TYPE,FACILITY_CODE,EMAIL,PHONE_NUMBER,TEXT_MESSAGING_ALLOWED,TEXT_MESSAGING_PHONE_NUMBER,PURPOSE_OF_VISIT,OTHER_PURPOSE_OF_VISIT,VISIT_TYPE,PROVIDER_ID,PROVIDER_NAME,PROVIDER_PERSON_CLASS,PROVIDER_OPTION,SECOND_REQUEST_SUBMITTED,PARENT_REQUEST_ID,HAS_VETERAN_NEW_MESSAGE,HAS_PROVIDER_NEW_MESSAGE,PROVIDER_SEEN_APPT_REQ,REQUESTED_PHONE_CALL) values ('00000000000000000000000000000003','PATID76',to_timestamp('17-MAR-13 04.00.00.000000000 AM','DD-MON-RR HH.MI.SSXFF AM'),to_timestamp('21-FEB-18 03.31.07.000000000 PM','DD-MON-RR HH.MI.SSXFF AM'),null,1,0,'3/27/2013','AM','3/27/2013','AM','3/28/2013','AM','3/29/2013','AM','Not Booked','Primary Care','688','test@test','123-456-7890',0,null,'Routine follow-up',null,'Office Visit','PROV1','zztest appointment_provider1',null,null,0,null,0,0,0,0);
Insert into HADB.APPOINTMENT_REQUEST (APPOINTMENT_REQUEST_ID,PATIENT_ID,LAST_UPDATED_DATE,CREATED_DATE,DELETED_DATE,ACTIVE,SECOND_REQUEST,APPOINTMENT_DATE,APPOINTMENT_TIME,OPTION_DATE_1,OPTION_TIME_1,OPTION_DATE_2,OPTION_TIME_2,OPTION_DATE_3,OPTION_TIME_3,STATUS,APPOINTMENT_TYPE,FACILITY_CODE,EMAIL,PHONE_NUMBER,TEXT_MESSAGING_ALLOWED,TEXT_MESSAGING_PHONE_NUMBER,PURPOSE_OF_VISIT,OTHER_PURPOSE_OF_VISIT,VISIT_TYPE,PROVIDER_ID,PROVIDER_NAME,PROVIDER_PERSON_CLASS,PROVIDER_OPTION,SECOND_REQUEST_SUBMITTED,PARENT_REQUEST_ID,HAS_VETERAN_NEW_MESSAGE,HAS_PROVIDER_NEW_MESSAGE,PROVIDER_SEEN_APPT_REQ,REQUESTED_PHONE_CALL) values ('00000000000000000000000000000004','PATID76',to_timestamp('17-MAR-13 02.00.00.000000000 AM','DD-MON-RR HH.MI.SSXFF AM'),to_timestamp('21-FEB-18 03.31.07.000000000 PM','DD-MON-RR HH.MI.SSXFF AM'),null,1,0,null,null,'3/27/2013','AM','3/28/2013','AM','3/29/2013','AM','Submitted','Mental Health','688','test@test.com','123-456-7890',0,null,'New issue',null,'Office Visit','PROV4','zztest appointment_provider4',null,null,0,null,1,0,0,0);
Insert into HADB.APPOINTMENT_REQUEST (APPOINTMENT_REQUEST_ID,PATIENT_ID,LAST_UPDATED_DATE,CREATED_DATE,DELETED_DATE,ACTIVE,SECOND_REQUEST,APPOINTMENT_DATE,APPOINTMENT_TIME,OPTION_DATE_1,OPTION_TIME_1,OPTION_DATE_2,OPTION_TIME_2,OPTION_DATE_3,OPTION_TIME_3,STATUS,APPOINTMENT_TYPE,FACILITY_CODE,EMAIL,PHONE_NUMBER,TEXT_MESSAGING_ALLOWED,TEXT_MESSAGING_PHONE_NUMBER,PURPOSE_OF_VISIT,OTHER_PURPOSE_OF_VISIT,VISIT_TYPE,PROVIDER_ID,PROVIDER_NAME,PROVIDER_PERSON_CLASS,PROVIDER_OPTION,SECOND_REQUEST_SUBMITTED,PARENT_REQUEST_ID,HAS_VETERAN_NEW_MESSAGE,HAS_PROVIDER_NEW_MESSAGE,PROVIDER_SEEN_APPT_REQ,REQUESTED_PHONE_CALL) values ('00000000000000000000000000000005','PATID76',to_timestamp('17-MAR-13 05.00.00.000000000 AM','DD-MON-RR HH.MI.SSXFF AM'),to_timestamp('21-FEB-18 03.31.07.000000000 PM','DD-MON-RR HH.MI.SSXFF AM'),null,1,0,null,null,'3/27/2013','AM','3/28/2013','AM','3/29/2013','AM','Cancelled','Mental Health','688','test@test.com','123-456-7890',0,null,'New issue',null,'Office Visit','PROV4','zztest appointment_provider4',null,null,0,null,0,0,0,0);
Insert into HADB.APPOINTMENT_REQUEST (APPOINTMENT_REQUEST_ID,PATIENT_ID,LAST_UPDATED_DATE,CREATED_DATE,DELETED_DATE,ACTIVE,SECOND_REQUEST,APPOINTMENT_DATE,APPOINTMENT_TIME,OPTION_DATE_1,OPTION_TIME_1,OPTION_DATE_2,OPTION_TIME_2,OPTION_DATE_3,OPTION_TIME_3,STATUS,APPOINTMENT_TYPE,FACILITY_CODE,EMAIL,PHONE_NUMBER,TEXT_MESSAGING_ALLOWED,TEXT_MESSAGING_PHONE_NUMBER,PURPOSE_OF_VISIT,OTHER_PURPOSE_OF_VISIT,VISIT_TYPE,PROVIDER_ID,PROVIDER_NAME,PROVIDER_PERSON_CLASS,PROVIDER_OPTION,SECOND_REQUEST_SUBMITTED,PARENT_REQUEST_ID,HAS_VETERAN_NEW_MESSAGE,HAS_PROVIDER_NEW_MESSAGE,PROVIDER_SEEN_APPT_REQ,REQUESTED_PHONE_CALL) values ('00000000000000000000000000000001','PATID76',to_timestamp('17-MAR-13 01.00.00.000000000 AM','DD-MON-RR HH.MI.SSXFF AM'),to_timestamp('17-MAR-13 12.59.00.000000000 AM','DD-MON-RR HH.MI.SSXFF AM'),null,1,0,null,null,'3/27/2013','AM','3/28/2013','AM','3/29/2013','AM','Submitted','Primary Care','688','test@test','123-456-7890',0,null,'Routine follow-up',null,'Office Visit','PROV1','zztest appointment_provider1',null,null,0,null,0,0,0,0);
REM INSERTING into HADB.APPOINTMENT_REQUEST_MESSAGE
SET DEFINE OFF;
Insert into HADB.APPOINTMENT_REQUEST_MESSAGE (ID,APPOINTMENT_REQUEST_ID,SENDER_ID,MESSAGE_TEXT,MESSAGE_DATE_TIME) values ('20000000000000000000000000000003','00000000000000000000000000000003','staff001','Cancelled.',to_timestamp('21-FEB-18 03.31.07.000000000 PM','DD-MON-RR HH.MI.SSXFF AM'));
Insert into HADB.APPOINTMENT_REQUEST_MESSAGE (ID,APPOINTMENT_REQUEST_ID,SENDER_ID,MESSAGE_TEXT,MESSAGE_DATE_TIME) values ('30000000000000000000000000000003','00000000000000000000000000000003','PATID76','Thank You.',to_timestamp('21-FEB-18 03.31.07.000000000 PM','DD-MON-RR HH.MI.SSXFF AM'));
Insert into HADB.APPOINTMENT_REQUEST_MESSAGE (ID,APPOINTMENT_REQUEST_ID,SENDER_ID,MESSAGE_TEXT,MESSAGE_DATE_TIME) values ('10000000000000000000000000000004','00000000000000000000000000000004','staff001','Prefered provider unavailable',to_timestamp('21-FEB-18 03.31.07.000000000 PM','DD-MON-RR HH.MI.SSXFF AM'));
Insert into HADB.APPOINTMENT_REQUEST_MESSAGE (ID,APPOINTMENT_REQUEST_ID,SENDER_ID,MESSAGE_TEXT,MESSAGE_DATE_TIME) values ('20000000000000000000000000000004','00000000000000000000000000000004','PATID76','Fix with available provider',to_timestamp('21-FEB-18 03.31.07.000000000 PM','DD-MON-RR HH.MI.SSXFF AM'));
Insert into HADB.APPOINTMENT_REQUEST_MESSAGE (ID,APPOINTMENT_REQUEST_ID,SENDER_ID,MESSAGE_TEXT,MESSAGE_DATE_TIME) values ('30000000000000000000000000000004','00000000000000000000000000000004','staff001','Done',to_timestamp('21-FEB-18 03.31.07.000000000 PM','DD-MON-RR HH.MI.SSXFF AM'));
Insert into HADB.APPOINTMENT_REQUEST_MESSAGE (ID,APPOINTMENT_REQUEST_ID,SENDER_ID,MESSAGE_TEXT,MESSAGE_DATE_TIME) values ('10000000000000000000000000000001','00000000000000000000000000000001','staff001','Office closed due to weather.',to_timestamp('21-FEB-18 03.31.07.000000000 PM','DD-MON-RR HH.MI.SSXFF AM'));
Insert into HADB.APPOINTMENT_REQUEST_MESSAGE (ID,APPOINTMENT_REQUEST_ID,SENDER_ID,MESSAGE_TEXT,MESSAGE_DATE_TIME) values ('10000000000000000000000000000002','00000000000000000000000000000002','PATID76','Please call me before fixing the appt.',to_timestamp('21-FEB-18 03.31.07.000000000 PM','DD-MON-RR HH.MI.SSXFF AM'));
Insert into HADB.APPOINTMENT_REQUEST_MESSAGE (ID,APPOINTMENT_REQUEST_ID,SENDER_ID,MESSAGE_TEXT,MESSAGE_DATE_TIME) values ('10000000000000000000000000000003','00000000000000000000000000000003','PATID76','Msg1-Please cancel appt.',to_timestamp('21-FEB-18 03.31.07.000000000 PM','DD-MON-RR HH.MI.SSXFF AM'));
REM INSERTING into HADB.APPT_REQ_INPROCESS
SET DEFINE OFF;
REM INSERTING into HADB.AR_DETAIL_CODE
SET DEFINE OFF;
Insert into HADB.AR_DETAIL_CODE (AR_DETAIL_CODE_ID,DETAIL_CODE_ID,APPOINTMENT_REQUEST_ID,CREATED_DATE,USER_ID) values ('33000000000000000000000000000003','DETCODE4','00000000000000000000000000000003',to_timestamp('21-FEB-18 03.31.07.000000000 PM','DD-MON-RR HH.MI.SSXFF AM'),'zztest.appointment_provider1');
Insert into HADB.AR_DETAIL_CODE (AR_DETAIL_CODE_ID,DETAIL_CODE_ID,APPOINTMENT_REQUEST_ID,CREATED_DATE,USER_ID) values ('55000000000000000000000000000005','DETCODE7','00000000000000000000000000000005',to_timestamp('21-FEB-18 03.31.07.000000000 PM','DD-MON-RR HH.MI.SSXFF AM'),'zztest.appointment_provider4');
Insert into HADB.AR_DETAIL_CODE (AR_DETAIL_CODE_ID,DETAIL_CODE_ID,APPOINTMENT_REQUEST_ID,CREATED_DATE,USER_ID) values ('22000000000000000000000000000002','DETCODE1','00000000000000000000000000000002',to_timestamp('21-FEB-18 03.31.07.000000000 PM','DD-MON-RR HH.MI.SSXFF AM'),'zztest.appointment_provider1');
REM INSERTING into HADB.ASSESSMENTS
SET DEFINE OFF;
REM INSERTING into HADB.ASSESSMENT_QUESTIONS
SET DEFINE OFF;
REM INSERTING into HADB.ASSESSMENT_RESULT
SET DEFINE OFF;
REM INSERTING into HADB.AUDIT_LOG
SET DEFINE OFF;
REM INSERTING into HADB.BEST_TIME_TO_CALL
SET DEFINE OFF;
Insert into HADB.BEST_TIME_TO_CALL (APPOINTMENT_REQUEST_ID,BEST_TIME) values ('00000000000000000000000000000001','9 AM - 11 AM');
Insert into HADB.BEST_TIME_TO_CALL (APPOINTMENT_REQUEST_ID,BEST_TIME) values ('00000000000000000000000000000002','9 AM - 11 AM');
Insert into HADB.BEST_TIME_TO_CALL (APPOINTMENT_REQUEST_ID,BEST_TIME) values ('00000000000000000000000000000003','9 AM - 11 AM');
Insert into HADB.BEST_TIME_TO_CALL (APPOINTMENT_REQUEST_ID,BEST_TIME) values ('00000000000000000000000000000004','9 AM - 11 AM');
Insert into HADB.BEST_TIME_TO_CALL (APPOINTMENT_REQUEST_ID,BEST_TIME) values ('00000000000000000000000000000005','9 AM - 11 AM');
REM INSERTING into HADB.CALENDAR_EVENTS
SET DEFINE OFF;
REM INSERTING into HADB.COMMUNICATIONS
SET DEFINE OFF;
REM INSERTING into HADB.DAILY_EVENT
SET DEFINE OFF;
REM INSERTING into HADB.DETAIL_CODE
SET DEFINE OFF;
Insert into HADB.DETAIL_CODE (DETAIL_CODE_ID,PROVIDER_MESSAGE,VETERAN_MESSAGE) values ('DETCODE1','Made on requested date','Your appointment was booked based upon your request for an appointment on %s %s.  Please use the Appointments feature on the previous screen to see more information on this and other appointments booked at VA healthcare facilities.');
Insert into HADB.DETAIL_CODE (DETAIL_CODE_ID,PROVIDER_MESSAGE,VETERAN_MESSAGE) values ('DETCODE2','Alternative date after calling Veteran','Based upon a telephone call with you, an appointment has been booked at a time other than your original request. Please use the Appointments feature on the previous screen to see more information on this and other appointments at VA healthcare facilities.');
Insert into HADB.DETAIL_CODE (DETAIL_CODE_ID,PROVIDER_MESSAGE,VETERAN_MESSAGE) values ('DETCODE3','Unable to meet request, First Attempt','We were unable to book you an appointment at the times or with the provider requested.');
Insert into HADB.DETAIL_CODE (DETAIL_CODE_ID,PROVIDER_MESSAGE,VETERAN_MESSAGE) values ('DETCODE4','Not booked, unable to contact Veteran','We were unable to contact you at the phone number provided to discuss your appointment.  We apologize for not being able to book this second request for an appointment.  You can call the facility to discuss scheduling options for your current need or you can start a new appointment request using this application.');
Insert into HADB.DETAIL_CODE (DETAIL_CODE_ID,PROVIDER_MESSAGE,VETERAN_MESSAGE) values ('DETCODE5','Cancelled by Clinic','Regrettably, the clinic had to cancel your appointment.  You can either call the facility to reschedule or you can make a new appointment request through this app.');
Insert into HADB.DETAIL_CODE (DETAIL_CODE_ID,PROVIDER_MESSAGE,VETERAN_MESSAGE) values ('DETCODE6','Cancelled at Veteran Request','Based upon your request during a telephone call, this appointment has been cancelled.');
Insert into HADB.DETAIL_CODE (DETAIL_CODE_ID,PROVIDER_MESSAGE,VETERAN_MESSAGE) values ('DETCODE7','Cancelled by Veteran - VA Confirmed','This message confirms that VA has received your request to cancel the appointment that was previously booked.');
Insert into HADB.DETAIL_CODE (DETAIL_CODE_ID,PROVIDER_MESSAGE,VETERAN_MESSAGE) values ('DETCODE8','Cancelled by Veteran - Pending','Your request to cancel this appointment has been sent.');
Insert into HADB.DETAIL_CODE (DETAIL_CODE_ID,PROVIDER_MESSAGE,VETERAN_MESSAGE) values ('DETCODE9','Unable to meet request, First Attempt','This request is no longer active.  The new request has been added to your list. Please check that request for further updates.');
Insert into HADB.DETAIL_CODE (DETAIL_CODE_ID,PROVIDER_MESSAGE,VETERAN_MESSAGE) values ('DETCODE10','Type of Visit changed to Telephone Visit','Your request for a Video Conference was changed to a Telephone Visit. Either the facility or provider requested currently are not providing Video Conference appointments.');
Insert into HADB.DETAIL_CODE (DETAIL_CODE_ID,PROVIDER_MESSAGE,VETERAN_MESSAGE) values ('DETCODE11','Type of Visit changed to Telephone Visit. Booked on alternate date after telephone conversation.','Your request for a Video Conference was changed to a Telephone Visit.  Either the facility or provider requested currently are not providing Video Conference appointments. Based upon a telephone call with you, an appointment has been booked at a time other than your original request. Please use the Appointments feature on the previous screen to see more information on this and other appointments at VA healthcare facilities.');
Insert into HADB.DETAIL_CODE (DETAIL_CODE_ID,PROVIDER_MESSAGE,VETERAN_MESSAGE) values ('DETCODE12','Booked on alternate date.','Your appointment has been booked at a time other than your original request.  Please use the Appointments feature on the previous screen to see more information on this and other appointments at VA healthcare facilities.');
Insert into HADB.DETAIL_CODE (DETAIL_CODE_ID,PROVIDER_MESSAGE,VETERAN_MESSAGE) values ('DETCODE13','Type of Visit changed to Telephone Visit. Booked on alternate date.','Your request for a Video Conference was changed to a Telephone Visit. Either the facility or provider requested currently are not providing Video Conference appointments. Also, your appointment has been booked at a time other than your original request.  Please use the Appointments feature on the previous screen to see more information on this and other appointments at VA healthcare facilities.');
REM INSERTING into HADB.DEVICE_REGISTRATION
SET DEFINE OFF;
REM INSERTING into HADB.DIET
SET DEFINE OFF;
REM INSERTING into HADB.DOCUMENTS
SET DEFINE OFF;
REM INSERTING into HADB.ENTRIES
SET DEFINE OFF;
REM INSERTING into HADB.EXERCISE
SET DEFINE OFF;
REM INSERTING into HADB.FACILITY
SET DEFINE OFF;
Insert into HADB.FACILITY (NAME,TYPE,FACILITY_CODE,STATE,CITY,ADDRESS,PARENT_SITE_CODE) values ('TEST VAMC3','VAMC','777','VA','Chantilly','5154 Parkstone Dr\nChantilly, VA 20120','777');
Insert into HADB.FACILITY (NAME,TYPE,FACILITY_CODE,STATE,CITY,ADDRESS,PARENT_SITE_CODE) values ('DC VAMC','VAMC','688','DC','Washington','50 Irving St. NW\nWashington, DC 20422','688');
REM INSERTING into HADB.HEALTH_ADVOCATE_FORM
SET DEFINE OFF;
REM INSERTING into HADB.HEALTH_ADVOCATE_LOGIN
SET DEFINE OFF;
Insert into HADB.HEALTH_ADVOCATE_LOGIN (USERID,PASSWORD,PASSWORD_EXPIRED_DATE,SUD_ACCEPTED_DATE) values ('zztest.vba01','pass',to_timestamp('12-SEP-14 11.57.25.000000000 AM','DD-MON-RR HH.MI.SSXFF AM'),null);
REM INSERTING into HADB.HEALTH_ADVOCATE_REQUEST
SET DEFINE OFF;
Insert into HADB.HEALTH_ADVOCATE_REQUEST (HEALTH_ADVOCATE_REQUEST_ID,HEALTH_ADVOCATE_EDIPI,PATIENT_EDIPI,URI_LINK_KEY,EMAIL,FIRST_NAME,LAST_NAME,ADDRESS_FIRST_LINE,ADDRESS_SECOND_LINE,CITY,STATE,ZIP_CODE,STATUS,REQUEST_DATE,LAST_ACTION_DATE,PATIENT_NAME,DRIVERS_LICENSE_NUMBER,DRIVERS_LICENSE_STATE,PATIENT_DISPLAY_NAME,SSN,COMMENTS,VBA_STATUS) values ('1111011111','1111011111','D123401','1111011111','a@b','c','d','e','f','g','h','i','Cancelled',to_timestamp('09-JUN-14 06.45.19.000000000 PM','DD-MON-RR HH.MI.SSXFF AM'),to_timestamp('09-JUN-14 06.45.19.000000000 PM','DD-MON-RR HH.MI.SSXFF AM'),'zztest patient01','j','k','patient01, zztest','999999901','@@@Already a Health Advocate@@@The person selected for the role is already a Health Advocate for a different veteran.','Acknowleged');
Insert into HADB.HEALTH_ADVOCATE_REQUEST (HEALTH_ADVOCATE_REQUEST_ID,HEALTH_ADVOCATE_EDIPI,PATIENT_EDIPI,URI_LINK_KEY,EMAIL,FIRST_NAME,LAST_NAME,ADDRESS_FIRST_LINE,ADDRESS_SECOND_LINE,CITY,STATE,ZIP_CODE,STATUS,REQUEST_DATE,LAST_ACTION_DATE,PATIENT_NAME,DRIVERS_LICENSE_NUMBER,DRIVERS_LICENSE_STATE,PATIENT_DISPLAY_NAME,SSN,COMMENTS,VBA_STATUS) values ('2222022222','2222022222','PATID64','2222022222','a@b','c','d','e','f','g','h','i','Submitted',to_timestamp('02-JUN-14 06.45.19.000000000 PM','DD-MON-RR HH.MI.SSXFF AM'),to_timestamp('02-JUN-14 06.45.19.000000000 PM','DD-MON-RR HH.MI.SSXFF AM'),'zztest patient64','j','k','patient64, zztest','999999964',null,null);
Insert into HADB.HEALTH_ADVOCATE_REQUEST (HEALTH_ADVOCATE_REQUEST_ID,HEALTH_ADVOCATE_EDIPI,PATIENT_EDIPI,URI_LINK_KEY,EMAIL,FIRST_NAME,LAST_NAME,ADDRESS_FIRST_LINE,ADDRESS_SECOND_LINE,CITY,STATE,ZIP_CODE,STATUS,REQUEST_DATE,LAST_ACTION_DATE,PATIENT_NAME,DRIVERS_LICENSE_NUMBER,DRIVERS_LICENSE_STATE,PATIENT_DISPLAY_NAME,SSN,COMMENTS,VBA_STATUS) values ('3333033333','3333033333','PATID76','3333033333','a@b','c','d','e','f','g','h','i','Submitted',to_timestamp('26-MAY-14 06.45.19.000000000 PM','DD-MON-RR HH.MI.SSXFF AM'),to_timestamp('26-MAY-14 06.45.19.000000000 PM','DD-MON-RR HH.MI.SSXFF AM'),'zztest patient66','j','k','patient66, zztest','999999966',null,null);
Insert into HADB.HEALTH_ADVOCATE_REQUEST (HEALTH_ADVOCATE_REQUEST_ID,HEALTH_ADVOCATE_EDIPI,PATIENT_EDIPI,URI_LINK_KEY,EMAIL,FIRST_NAME,LAST_NAME,ADDRESS_FIRST_LINE,ADDRESS_SECOND_LINE,CITY,STATE,ZIP_CODE,STATUS,REQUEST_DATE,LAST_ACTION_DATE,PATIENT_NAME,DRIVERS_LICENSE_NUMBER,DRIVERS_LICENSE_STATE,PATIENT_DISPLAY_NAME,SSN,COMMENTS,VBA_STATUS) values ('4444044444','4444044444','PATID63','4444044444','a@b','c','d','e','f','g','h','i','Cancelled',to_timestamp('19-MAY-14 06.45.19.000000000 PM','DD-MON-RR HH.MI.SSXFF AM'),to_timestamp('19-MAY-14 06.45.19.000000000 PM','DD-MON-RR HH.MI.SSXFF AM'),'zztest patient63','j','k','patient63, zztest','999999963',null,null);
REM INSERTING into HADB.LAUNCHPAD_ITEM
SET DEFINE OFF;
Insert into HADB.LAUNCHPAD_ITEM (NAME,ITEM_MODE,TYPE,ITEM_POSITION,DESCRIPTION,URL,IMAGE_URL,INSTRUCTION,INSTR_UPDATED_DATE,UPDATED_BY) values ('Scheduling 2.0','PROVIDER','APP',1,'Schedule appointments','/MobileHealthPlatformWeb/scheduling2','img/app-icons/scheduling/apple-touch-icon-72x72-precomposed.png',null,null,null);
Insert into HADB.LAUNCHPAD_ITEM (NAME,ITEM_MODE,TYPE,ITEM_POSITION,DESCRIPTION,URL,IMAGE_URL,INSTRUCTION,INSTR_UPDATED_DATE,UPDATED_BY) values ('Skin Check','PROVIDER','APP',11,'Gives provider tools to check the skin of a patient','../../skin-check','../../skin-check/apple-touch-icon-72x72-precomposed.png',null,null,null);
Insert into HADB.LAUNCHPAD_ITEM (NAME,ITEM_MODE,TYPE,ITEM_POSITION,DESCRIPTION,URL,IMAGE_URL,INSTRUCTION,INSTR_UPDATED_DATE,UPDATED_BY) values ('Patient Viewer 1.0','PROVIDER','APP',12,'Review patients medical records','../../patient-viewer','../../patient-viewer/apple-touch-icon-72x72-precomposed.png',null,null,null);
Insert into HADB.LAUNCHPAD_ITEM (NAME,ITEM_MODE,TYPE,ITEM_POSITION,DESCRIPTION,URL,IMAGE_URL,INSTRUCTION,INSTR_UPDATED_DATE,UPDATED_BY) values ('Health Advocate','VETERAN','APP',10,'Allows Veterans to grant others access to health information','/HealthAdvocate','img/app-icons/health-advocate/healthadvocate-icon-72.png',null,null,null);
Insert into HADB.LAUNCHPAD_ITEM (NAME,ITEM_MODE,TYPE,ITEM_POSITION,DESCRIPTION,URL,IMAGE_URL,INSTRUCTION,INSTR_UPDATED_DATE,UPDATED_BY) values ('Mobile Blue Button','VETERAN','APP',0,'Share my medical records with my providers','/mbb','img/app-icons/mbb/apple-touch-icon-72x72-precomposed.png',null,null,null);
Insert into HADB.LAUNCHPAD_ITEM (NAME,ITEM_MODE,TYPE,ITEM_POSITION,DESCRIPTION,URL,IMAGE_URL,INSTRUCTION,INSTR_UPDATED_DATE,UPDATED_BY) values ('Summary of Care','VETERAN','APP',1,'Veterans can access elements of their VA medical record','/summary-of-care','img/app-icons/summary-of-care/apple-touch-icon-72x72-precomposed.png',null,null,null);
Insert into HADB.LAUNCHPAD_ITEM (NAME,ITEM_MODE,TYPE,ITEM_POSITION,DESCRIPTION,URL,IMAGE_URL,INSTRUCTION,INSTR_UPDATED_DATE,UPDATED_BY) values ('Appointments','VETERAN','APP',2,'Schedule an appointment with my healthcare provider','/MobileHealthPlatformWeb/appointments','img/app-icons/appointments/apple-touch-icon-72x72-precomposed.png',null,null,null);
Insert into HADB.LAUNCHPAD_ITEM (NAME,ITEM_MODE,TYPE,ITEM_POSITION,DESCRIPTION,URL,IMAGE_URL,INSTRUCTION,INSTR_UPDATED_DATE,UPDATED_BY) values ('Secure Messaging','VETERAN','APP',3,'Communicate with providers','/MobileHealthPlatformWeb/secure-messaging','img/app-icons/secure-messaging/apple-touch-icon-72x72-precomposed.png',null,null,null);
Insert into HADB.LAUNCHPAD_ITEM (NAME,ITEM_MODE,TYPE,ITEM_POSITION,DESCRIPTION,URL,IMAGE_URL,INSTRUCTION,INSTR_UPDATED_DATE,UPDATED_BY) values ('Department of Veterans Affairs','VETERAN','LINK',4,'A link to the VA!!!','http://www.va.gov','img/internet.png',null,null,null);
Insert into HADB.LAUNCHPAD_ITEM (NAME,ITEM_MODE,TYPE,ITEM_POSITION,DESCRIPTION,URL,IMAGE_URL,INSTRUCTION,INSTR_UPDATED_DATE,UPDATED_BY) values ('eBenefits','VETERAN','LINK',5,'A link to Department of Veterans Affairs eBenefits','http://m.ebenefits.va.gov/ebenefits-portal/portletHtml/Mobile/index.html','img/internet.png',null,null,null);
Insert into HADB.LAUNCHPAD_ITEM (NAME,ITEM_MODE,TYPE,ITEM_POSITION,DESCRIPTION,URL,IMAGE_URL,INSTRUCTION,INSTR_UPDATED_DATE,UPDATED_BY) values ('Staywell Solutions','VETERAN','LINK',6,'A link to Staywell Solutions Online','http://healthevet2.staywellsolutionsonline.com/','img/internet.png',null,null,null);
Insert into HADB.LAUNCHPAD_ITEM (NAME,ITEM_MODE,TYPE,ITEM_POSITION,DESCRIPTION,URL,IMAGE_URL,INSTRUCTION,INSTR_UPDATED_DATE,UPDATED_BY) values ('My HealtheVet','VETERAN','LINK',7,'A link to My HealtheVet','https://www.myhealth.va.gov/mhv-portal-web/anonymous.portal?_nfpb=true&_nfto=false&_pageLabel=mhvHome','img/mhv-logo.png',null,null,null);
Insert into HADB.LAUNCHPAD_ITEM (NAME,ITEM_MODE,TYPE,ITEM_POSITION,DESCRIPTION,URL,IMAGE_URL,INSTRUCTION,INSTR_UPDATED_DATE,UPDATED_BY) values ('Scheduling','PROVIDER','APP',0,'Schedule appointments','/MobileHealthPlatformWeb/scheduling','img/app-icons/scheduling/apple-touch-icon-72x72-precomposed.png',null,null,null);
Insert into HADB.LAUNCHPAD_ITEM (NAME,ITEM_MODE,TYPE,ITEM_POSITION,DESCRIPTION,URL,IMAGE_URL,INSTRUCTION,INSTR_UPDATED_DATE,UPDATED_BY) values ('Appointments v2','VETERAN','APP',8,'Schedule an appointment with my healthcare provider','/veteran-appointment-requests','img/app-icons/veteran-appointment-requests/apple-touch-icon-72x72-precomposed.png',null,null,null);
Insert into HADB.LAUNCHPAD_ITEM (NAME,ITEM_MODE,TYPE,ITEM_POSITION,DESCRIPTION,URL,IMAGE_URL,INSTRUCTION,INSTR_UPDATED_DATE,UPDATED_BY) values ('Scheduling Manager','PROVIDER','APP',3,'Calendar Based scheduling','/scheduling-manager','img/app-icons/scheduling/apple-touch-icon-72x72-precomposed.png',null,null,null);
Insert into HADB.LAUNCHPAD_ITEM (NAME,ITEM_MODE,TYPE,ITEM_POSITION,DESCRIPTION,URL,IMAGE_URL,INSTRUCTION,INSTR_UPDATED_DATE,UPDATED_BY) values ('WellnessCheck','VETERAN','APP',9,'Wellness Check','/WellnessCheck','img/app-icons/wellness-check/apple-touch-icon-72x72-precomposed.png',null,null,null);
Insert into HADB.LAUNCHPAD_ITEM (NAME,ITEM_MODE,TYPE,ITEM_POSITION,DESCRIPTION,URL,IMAGE_URL,INSTRUCTION,INSTR_UPDATED_DATE,UPDATED_BY) values ('Patient Viewer','PROVIDER','APP',2,'Review patients medical records','/patient-viewer/','img/app-icons/patient-viewer/apple-touch-icon-72x72-precomposed.png',null,null,null);
Insert into HADB.LAUNCHPAD_ITEM (NAME,ITEM_MODE,TYPE,ITEM_POSITION,DESCRIPTION,URL,IMAGE_URL,INSTRUCTION,INSTR_UPDATED_DATE,UPDATED_BY) values ('Caring4WomenVets','PROVIDER','APP',4,'Caring for women veterans','/Caring4WomenVeterans','img/app-icons/caring4WomenVets/apple-touch-icon-72x72-precomposed.png',null,null,null);
Insert into HADB.LAUNCHPAD_ITEM (NAME,ITEM_MODE,TYPE,ITEM_POSITION,DESCRIPTION,URL,IMAGE_URL,INSTRUCTION,INSTR_UPDATED_DATE,UPDATED_BY) values ('Preconception','PROVIDER','APP',8,'Preconception Care','/PreconceptionCare/','img/app-icons/reprohealth/apple-touch-icon-72x72-precomposed.png',null,null,null);
Insert into HADB.LAUNCHPAD_ITEM (NAME,ITEM_MODE,TYPE,ITEM_POSITION,DESCRIPTION,URL,IMAGE_URL,INSTRUCTION,INSTR_UPDATED_DATE,UPDATED_BY) values ('Immunization Campaign','PROVIDER','APP',7,'View history and administer vaccines','/ImmunizationCampaign/','img/app-icons/immunization-campaign/apple-touch-icon-72x72-precomposed.png',null,null,null);
Insert into HADB.LAUNCHPAD_ITEM (NAME,ITEM_MODE,TYPE,ITEM_POSITION,DESCRIPTION,URL,IMAGE_URL,INSTRUCTION,INSTR_UPDATED_DATE,UPDATED_BY) values ('Pregnancy','PROVIDER','APP',9,'Pregnancy Care','/ReproHealthPregnancy/','img/app-icons/reprohealth/apple-touch-icon-72x72-precomposed.png',null,null,null);
Insert into HADB.LAUNCHPAD_ITEM (NAME,ITEM_MODE,TYPE,ITEM_POSITION,DESCRIPTION,URL,IMAGE_URL,INSTRUCTION,INSTR_UPDATED_DATE,UPDATED_BY) values ('VAPTSDCoach','VETERAN','APP',13,'Support and assessment for Post Traumatic Stress Disorder.','../../ptsd-web','../../ptsd-web/assets/img/ptsdcoach-72.png',null,null,null);
Insert into HADB.LAUNCHPAD_ITEM (NAME,ITEM_MODE,TYPE,ITEM_POSITION,DESCRIPTION,URL,IMAGE_URL,INSTRUCTION,INSTR_UPDATED_DATE,UPDATED_BY) values ('VAPainCoach','VETERAN','APP',14,'Pain diary and support to assist with pain management.','../../paincoach/','../../paincoach/assets/img/paincoach-72.png',null,null,null);
Insert into HADB.LAUNCHPAD_ITEM (NAME,ITEM_MODE,TYPE,ITEM_POSITION,DESCRIPTION,URL,IMAGE_URL,INSTRUCTION,INSTR_UPDATED_DATE,UPDATED_BY) values ('VetLink','VETERAN','APP',15,'Connect and share with other veterans.','../vetlink','img/app-icons/vetlink/apple-touch-icon-72x72-precomposed.png',null,null,null);
Insert into HADB.LAUNCHPAD_ITEM (NAME,ITEM_MODE,TYPE,ITEM_POSITION,DESCRIPTION,URL,IMAGE_URL,INSTRUCTION,INSTR_UPDATED_DATE,UPDATED_BY) values ('Rx Refill','VETERAN','APP',11,'Submit refill requests to VA''s mail order pharmacy system.','../rx-refill/','img/app-icons/rx-refill/apple-touch-icon-72x72-precomposed.png',null,null,null);
Insert into HADB.LAUNCHPAD_ITEM (NAME,ITEM_MODE,TYPE,ITEM_POSITION,DESCRIPTION,URL,IMAGE_URL,INSTRUCTION,INSTR_UPDATED_DATE,UPDATED_BY) values ('Antibiogram','PROVIDER','APP',5,'Easily access facility antibiogram data','/AntibiogramWeb','img/app-icons/antibiogram/apple-touch-icon-72x72-precomposed.png',null,null,null);
Insert into HADB.LAUNCHPAD_ITEM (NAME,ITEM_MODE,TYPE,ITEM_POSITION,DESCRIPTION,URL,IMAGE_URL,INSTRUCTION,INSTR_UPDATED_DATE,UPDATED_BY) values ('mVisum','PROVIDER','APP',10,'Supported at 3 pilot sites (DC, Orlando, Nashville).','/MobileHealthPlatformWeb/mVisum','img/app-icons/mvisum/apple-touch-icon-72x72-precomposed.png',null,null,null);
Insert into HADB.LAUNCHPAD_ITEM (NAME,ITEM_MODE,TYPE,ITEM_POSITION,DESCRIPTION,URL,IMAGE_URL,INSTRUCTION,INSTR_UPDATED_DATE,UPDATED_BY) values ('Journal','VETERAN','APP',12,'Track and share health and healthcare information.','../journal/','img/app-icons/journal/apple-touch-icon-72x72-precomposed.png',null,null,null);
Insert into HADB.LAUNCHPAD_ITEM (NAME,ITEM_MODE,TYPE,ITEM_POSITION,DESCRIPTION,URL,IMAGE_URL,INSTRUCTION,INSTR_UPDATED_DATE,UPDATED_BY) values ('Veteran Appointment Requests v4.1','VETERAN','APP',16,'Schedule an appointment with my healthcare provider','../var/v4/','img/app-icons/veteran-appointment-requests/apple-touch-icon-72x72-precomposed.png',null,null,null);
REM INSERTING into HADB.MEDICATION_REFILL_REQUEST
SET DEFINE OFF;
REM INSERTING into HADB.MOOD
SET DEFINE OFF;
REM INSERTING into HADB.MYGOALS
SET DEFINE OFF;
Insert into HADB.MYGOALS (MYGOALS_ID,PATIENT_ID,INVENTORY_TYPE,QUESTION_KEY,ANSWER,DATE_UPDATED,ELAPSED_TIME) values ('9999999','PATID76','FEELINGS','feelings-day-to-day','3',to_timestamp('04-APR-13 12.19.24.000000000 PM','DD-MON-RR HH.MI.SSXFF AM'),4);
REM INSERTING into HADB.NOTIFICATION
SET DEFINE OFF;
REM INSERTING into HADB.NOTIFICATION_PREFERENCE
SET DEFINE OFF;
Insert into HADB.NOTIFICATION_PREFERENCE (PATIENT_ID,NOTIFICATION_FREQUENCY,EMAIL_ALLOWED,EMAIL_ADDRESS,TEXT_MESSAGING_ALLOWED,TEXT_MESSAGING_PHONE_NUMBER) values ('PATID76','Daily',0,'PATID76@test-ing.com',0,'(703).789.0001 x123');
REM INSERTING into HADB.PAIN_GOALS
SET DEFINE OFF;
REM INSERTING into HADB.PAIN_GOAL_ENTRIES
SET DEFINE OFF;
REM INSERTING into HADB.PATIENT
SET DEFINE OFF;
Insert into HADB.PATIENT (PATIENT_ID,FIRST_NAME,LAST_NAME,SSN,DATE_OF_BIRTH,TEXT_MESSAGING_ALLOWED,TEXT_MESSAGING_PHONE_NUMBER) values ('D123401','zztest','patient01','999999901',to_timestamp('01-JAN-00 12.00.00.000000000 AM','DD-MON-RR HH.MI.SSXFF AM'),0,null);
Insert into HADB.PATIENT (PATIENT_ID,FIRST_NAME,LAST_NAME,SSN,DATE_OF_BIRTH,TEXT_MESSAGING_ALLOWED,TEXT_MESSAGING_PHONE_NUMBER) values ('P001','patient','onedemo','666000001',to_timestamp('07-APR-35 12.00.00.000000000 AM','DD-MON-RR HH.MI.SSXFF AM'),0,null);
Insert into HADB.PATIENT (PATIENT_ID,FIRST_NAME,LAST_NAME,SSN,DATE_OF_BIRTH,TEXT_MESSAGING_ALLOWED,TEXT_MESSAGING_PHONE_NUMBER) values ('PATID76','zztest','patient66','999999966',to_timestamp('01-JAN-00 12.00.00.000000000 AM','DD-MON-RR HH.MI.SSXFF AM'),0,null);
REM INSERTING into HADB.PATIENT_EDIPI_ICN
SET DEFINE OFF;
Insert into HADB.PATIENT_EDIPI_ICN (ID,EDIPI,ICN,ACTIVE,CREATED_DATE) values ('8A8282845B1A8162015B1A963A940002','VARPATIENT1','5000000358V617483',1,to_timestamp('29-MAR-17 11.01.44.716000000 AM','DD-MON-RR HH.MI.SSXFF AM'));
REM INSERTING into HADB.PATIENT_METADATA
SET DEFINE OFF;
Insert into HADB.PATIENT_METADATA (PATIENT_ID,LAST_APPT_REQ_ACCESS_DATE) values ('D123401',to_timestamp('16-JUN-14 06.45.19.000000000 PM','DD-MON-RR HH.MI.SSXFF AM'));
Insert into HADB.PATIENT_METADATA (PATIENT_ID,LAST_APPT_REQ_ACCESS_DATE) values ('P001',to_timestamp('16-JUN-14 06.45.19.000000000 PM','DD-MON-RR HH.MI.SSXFF AM'));
Insert into HADB.PATIENT_METADATA (PATIENT_ID,LAST_APPT_REQ_ACCESS_DATE) values ('PATID76',to_timestamp('12-JUN-14 08.56.42.000000000 AM','DD-MON-RR HH.MI.SSXFF AM'));
REM INSERTING into HADB.PUBLIC_KEY
SET DEFINE OFF;
REM INSERTING into HADB.RESPONSES
SET DEFINE OFF;
REM INSERTING into HADB.STAFF_USER_DISCLAIMER
SET DEFINE OFF;
Insert into HADB.STAFF_USER_DISCLAIMER (USER_ID,VISTA_LOCATION,SUD_STATE,SUD_DATE) values ('1','688',1,to_timestamp('29-MAR-17 11.07.13.694000000 AM','DD-MON-RR HH.MI.SSXFF AM'));
Insert into HADB.STAFF_USER_DISCLAIMER (USER_ID,VISTA_LOCATION,SUD_STATE,SUD_DATE) values ('990','523',1,to_timestamp('30-MAR-17 01.14.24.210000000 PM','DD-MON-RR HH.MI.SSXFF AM'));
REM INSERTING into HADB.STAFF_USER_DISCLAIMER_CONTENT
SET DEFINE OFF;
Insert into HADB.STAFF_USER_DISCLAIMER_CONTENT (CREATED_DATE,CONTENT) values (to_timestamp('12-JUN-14 08.56.42.000000000 AM','DD-MON-RR HH.MI.SSXFF AM'),'<h3>UNITED STATES DEPARTMENT OF VETERANS AFFAIRS ("VA")</h3><h4>WEB & MOBILE USER DISCLAIMER (UD) FOR VA EMPLOYEES</h4><p>By agreeing to have any of VA’s software products delivered by web and mobile technology to your Government Furnished Equipment (GFE) or personal device and by subsequent use of the Licensed Software, you agree to comply with the terms of this general Web & Mobile User Disclaimer (UD). If you do not agree to the terms of this UD, do not use the Licensed Software. This UD applies to any upgrades and supplements to the original Licensed Software provided and is available from within the VA application.</p><ol><li>The Licensed Software is owned by VA. The Licensed Software is licensed, not sold, only on the terms of this UD.  Use of the software indicates your acceptance of the terms and conditions of this UD.</li><li>Upon accessing the Licensed Software on your GFE or personal device, you acknowledge that you are a VA employee and will acquire the right to use the Licensed Software, directly from VA as part of your VA employment. You assume responsibility for the selection of the program to achieve your intended results, and for the accessing, use and results obtained from the Licensed Software.</li><li>VA and you acknowledge that this Agreement is concluded between VA and you only, and not with your device manufacturer.  VA is solely responsible for the Licensed Software and its content.</li><li>You are provided the right to use the Licensed Software because you are a VA employee.  As a VA employee you are responsible for complying with all VA policies and regulations while performing your official VA duties including when using the Licensed Software. Your use of the Licensed Software must comply at all times with the VA Rules of Behavior you sign annually.</li><li>PRIVACY NOTICE: The Licensed Software does not allow for the storage of data on your GFE or personal device.  VA Sensitive Information, including but not limited to Protected Health Information (PHI) and other forms of Personally Identifiable Information (PII), may be securely transmitted from VA to your GFE or personal device using this Licensed Software. You acknowledge that any data provided to you using this Licensed Software is done so under your authority as a VA employee and for your official VA duties only. You acknowledge that it is your sole responsibility to protect and otherwise secure any information viewable by the software once installed on your GFE or personal device.</li><li>In consideration of your acceptance of the terms and conditions contained in this UD, VA grants you a non-exclusive license to use the Licensed Software and the associated documentation for your official VA duties. You are not licensed to rent, lease, transfer, or distribute the Licensed Software.</li><li>The license is effective upon acceptance and use or installation of the Licensed Software and shall continue until terminated. You may terminate it at any time by uninstalling the Licensed Software or ceasing use of the web-delivered application. VA has the right to terminate this Agreement if you fail to comply with any term or condition of this UD or the VA Rules of Behavior, or you leave VA employment. Upon termination you shall stop all use of the Software and uninstall the Licensed Software, if it has been installed on your personal device.</li><li>VA shall be neither liable nor responsible for any maintenance or updating of the provided Licensed Software, nor for correction of any errors in the Licensed Software.  As a VA employee you are responsible for ensuring the Licensed Software is updated, as appropriate.</li><li>If any provision of this Agreement is held to be invalid or unenforceable the remaining provisions will not be affected.</li></ol>');
REM INSERTING into HADB.TOOL_TRACKING_RESULT
SET DEFINE OFF;
REM INSERTING into HADB.USER_FEEDBACK
SET DEFINE OFF;
REM INSERTING into HADB.USER_HISTORY
SET DEFINE OFF;
REM INSERTING into HADB.USER_LAST_ACCESSED_TIME
SET DEFINE OFF;
REM INSERTING into HADB.USER_RIGHTOFACCESS
SET DEFINE OFF;
Insert into HADB.USER_RIGHTOFACCESS (USER_ID,ROA_STATE,ROA_DATE) values ('PATID76',1,to_timestamp('12-JUN-14 08.56.42.000000000 AM','DD-MON-RR HH.MI.SSXFF AM'));
Insert into HADB.USER_RIGHTOFACCESS (USER_ID,ROA_STATE,ROA_DATE) values ('PATID77',1,to_timestamp('12-JUN-14 08.56.42.000000000 AM','DD-MON-RR HH.MI.SSXFF AM'));
Insert into HADB.USER_RIGHTOFACCESS (USER_ID,ROA_STATE,ROA_DATE) values ('D123401',1,to_timestamp('12-JUN-14 08.56.42.000000000 AM','DD-MON-RR HH.MI.SSXFF AM'));
Insert into HADB.USER_RIGHTOFACCESS (USER_ID,ROA_STATE,ROA_DATE) values ('PATID26',1,to_timestamp('12-JUN-14 08.56.42.000000000 AM','DD-MON-RR HH.MI.SSXFF AM'));
Insert into HADB.USER_RIGHTOFACCESS (USER_ID,ROA_STATE,ROA_DATE) values ('NO-DATA-MOCK',1,to_timestamp('12-JUN-14 08.56.42.000000000 AM','DD-MON-RR HH.MI.SSXFF AM'));
Insert into HADB.USER_RIGHTOFACCESS (USER_ID,ROA_STATE,ROA_DATE) values ('INT-TEST-MOCK',1,to_timestamp('12-JUN-14 08.56.42.000000000 AM','DD-MON-RR HH.MI.SSXFF AM'));
Insert into HADB.USER_RIGHTOFACCESS (USER_ID,ROA_STATE,ROA_DATE) values ('PATID65',1,to_timestamp('12-JUN-14 08.56.42.000000000 AM','DD-MON-RR HH.MI.SSXFF AM'));
Insert into HADB.USER_RIGHTOFACCESS (USER_ID,ROA_STATE,ROA_DATE) values ('VARPATIENT1',1,to_timestamp('29-MAR-17 11.02.58.891000000 AM','DD-MON-RR HH.MI.SSXFF AM'));
Insert into HADB.USER_RIGHTOFACCESS (USER_ID,ROA_STATE,ROA_DATE) values ('VARPATIENT2',1,to_timestamp('29-MAR-17 11.34.38.490000000 AM','DD-MON-RR HH.MI.SSXFF AM'));
Insert into HADB.USER_RIGHTOFACCESS (USER_ID,ROA_STATE,ROA_DATE) values ('VARPATIENT3',1,to_timestamp('29-MAR-17 11.36.19.838000000 AM','DD-MON-RR HH.MI.SSXFF AM'));
Insert into HADB.USER_RIGHTOFACCESS (USER_ID,ROA_STATE,ROA_DATE) values ('VARPATIENT4',1,to_timestamp('29-MAR-17 11.37.22.259000000 AM','DD-MON-RR HH.MI.SSXFF AM'));
Insert into HADB.USER_RIGHTOFACCESS (USER_ID,ROA_STATE,ROA_DATE) values ('VARPATIENT5',1,to_timestamp('29-MAR-17 11.48.02.067000000 AM','DD-MON-RR HH.MI.SSXFF AM'));
REM INSERTING into HADB.VITAL_ENTRY
SET DEFINE OFF;
REM INSERTING into HADB.VITAL_OBSERVATION
SET DEFINE OFF;
Insert into HADB.DATABASECHANGELOGLOCK (ID,LOCKED) values (1,0);